cvd_delta_15m,cvd_source,cvd_zscore_15m,data_quality,data_ready,data_stale,flow_direction,funding_rate,funding_zscore,oi_delta_pct_15m,pair,qvol_5m,source,symbol,ts,volume_zscore_15m
-0.7442507760152088,real,-0.7442507760152088,OK,True,False,NO_TRADE,5e-05,0.0,0.0,0G/USDT:USDT,78126.1103,real,0GUSDT,2026-07-08T11:28:22.005304+00:00,-0.44421648883919496
-0.9212160850278165,real,-0.9212160850278165,OK,True,False,NO_TRADE,5e-05,0.0,0.0,1000BONK/USDT:USDT,704179.18776,real,1000BONKUSDT,2026-07-08T11:28:22.010112+00:00,-0.5776823334773237
0.6502775437567518,real,0.6502775437567518,OK,True,False,BOTH_ALLOWED,6.267e-05,0.0,0.0,1000FLOKI/USDT:USDT,215947.11080999998,real,1000FLOKIUSDT,2026-07-08T11:28:22.014701+00:00,1.762264487657166
-0.9689198979725002,real,-0.9689198979725002,OK,True,False,NO_TRADE,0.0001,0.0,0.0,1000LUNC/USDT:USDT,188990.49865,real,1000LUNCUSDT,2026-07-08T11:28:22.019217+00:00,-0.43511679797263836
-0.88451758421874,real,-0.88451758421874,OK,True,False,NO_TRADE,6.53e-05,0.0,0.0,1000PEPE/USDT:USDT,5944723.5790837,real,1000PEPEUSDT,2026-07-08T11:28:22.024104+00:00,-0.06219091438334203
-1.123149024391187,real,-1.123149024391187,OK,True,False,NO_TRADE,0,0.0,0.0,1000SHIB/USDT:USDT,929007.1647389999,real,1000SHIBUSDT,2026-07-08T11:28:22.028914+00:00,-0.6998553924610154
-2.0641957348871407,real,-2.0641957348871407,OK,True,False,NO_TRADE,5e-05,0.0,0.0,2Z/USDT:USDT,176450.63308,real,2ZUSDT,2026-07-08T11:28:22.031667+00:00,-0.7010979407760716
-1.0211269341628293,real,-1.0211269341628293,OK,True,False,NO_TRADE,-0.00012321,0.0,0.0,4/USDT:USDT,79085.382592,real,4USDT,2026-07-08T11:28:22.034170+00:00,-0.9078250527729431
0.1296500103742654,real,0.1296500103742654,OK,True,False,LONG_ONLY,-4.967e-05,0.0,0.0,AAVE/USDT:USDT,1866384.966,real,AAVEUSDT,2026-07-08T11:28:22.036693+00:00,-0.6578755247100075
1.0176511193908075,real,1.0176511193908075,OK,True,False,BOTH_ALLOWED,5e-05,0.0,0.0,ACT/USDT:USDT,209204.82299000002,real,ACTUSDT,2026-07-08T11:28:22.039076+00:00,-0.24223439165605995
2.6889469894297857,real,2.6889469894297857,OK,True,False,LONG_ONLY,-6.94e-06,0.0,0.0,ADA/USDT:USDT,7873408.3275,real,ADAUSDT,2026-07-08T11:28:22.041440+00:00,2.32202506667519
-0.8354193364404365,real,-0.8354193364404365,OK,True,False,NO_TRADE,5e-05,0.0,0.0,AERGO/USDT:USDT,43087.84349,real,AERGOUSDT,2026-07-08T11:28:22.043814+00:00,-0.4382795559977423
1.5601554668826902,real,1.5601554668826902,OK,True,False,BOTH_ALLOWED,5e-05,0.0,0.0,AERO/USDT:USDT,852124.17661,real,AEROUSDT,2026-07-08T11:28:22.046190+00:00,0.6087097738788564
-1.448918074350148,real,-1.448918074350148,OK,True,False,NO_TRADE,-0.00034512,0.0,0.0,AGLD/USDT:USDT,842739.603,real,AGLDUSDT,2026-07-08T11:28:22.048684+00:00,-0.5820747943340016
-0.558834316458161,real,-0.558834316458161,OK,True,False,NO_TRADE,0.00017318,0.0,0.0,AGT/USDT:USDT,41486.156768,real,AGTUSDT,2026-07-08T11:28:22.051083+00:00,-0.6648969593716918
0.03974605218827268,real,0.03974605218827268,OK,True,False,LONG_ONLY,-0.00071786,0.0,0.0,AIGENSYN/USDT:USDT,456871.60324,real,AIGENSYNUSDT,2026-07-08T11:28:22.053563+00:00,-0.6634087330346364
1.7035934951629814,real,1.7035934951629814,OK,True,False,BOTH_ALLOWED,5e-05,0.0,0.0,AIXBT/USDT:USDT,70658.10956,real,AIXBTUSDT,2026-07-08T11:28:22.055983+00:00,-0.1908337028564222
-0.4135584310456884,real,-0.4135584310456884,OK,True,False,NO_TRADE,0.00060516,0.0,0.0,AKE/USDT:USDT,104709.54035000001,real,AKEUSDT,2026-07-08T11:28:22.058546+00:00,-0.5313452308757437
-0.6331115790562647,real,-0.6331115790562647,OK,True,False,NO_TRADE,5e-05,0.0,0.0,AKT/USDT:USDT,50887.181410000005,real,AKTUSDT,2026-07-08T11:28:22.061097+00:00,-0.9673490661062758
0.697818303060733,real,0.697818303060733,OK,True,False,LONG_ONLY,-0.00024739,0.0,0.0,ALGO/USDT:USDT,316327.44868,real,ALGOUSDT,2026-07-08T11:28:22.063652+00:00,-0.6897999476513417
-0.6649973734165984,real,-0.6649973734165984,OK,True,False,NO_TRADE,0.0001,0.0,0.0,ALICE/USDT:USDT,242124.70514,real,ALICEUSDT,2026-07-08T11:28:22.066067+00:00,-0.38766091676441533
-1.7936719859858437,real,-1.7936719859858437,OK,True,False,NO_TRADE,5e-05,0.0,0.0,ALLO/USDT:USDT,1556207.4410100002,real,ALLOUSDT,2026-07-08T11:28:22.068465+00:00,0.7762692669421615
1.216242332889676,real,1.216242332889676,OK,True,False,BOTH_ALLOWED,5e-05,0.0,0.0,ALT/USDT:USDT,29628.936465,real,ALTUSDT,2026-07-08T11:28:22.070885+00:00,-1.0236481604333427
-1.0918020533240107,real,-1.0918020533240107,OK,True,False,NO_TRADE,0.0,0.0,0.0,AMAT/USDT:USDT,180491.0926,real,AMATUSDT,2026-07-08T11:28:22.073307+00:00,-0.13763971893909746
2.1970711423563674,real,2.1970711423563674,OK,True,False,BOTH_ALLOWED,0.0001,0.0,0.0,APE/USDT:USDT,2062430.9826000002,real,APEUSDT,2026-07-08T11:28:22.075686+00:00,0.6997302935556922
0.7866591052903193,real,0.7866591052903193,OK,True,False,BOTH_ALLOWED,8.746e-05,0.0,0.0,APT/USDT:USDT,762079.94238,real,APTUSDT,2026-07-08T11:28:22.078053+00:00,0.036403088643468806
-0.20656049858769085,real,-0.20656049858769085,OK,True,False,NO_TRADE,-0.00010426,0.0,0.0,ARB/USDT:USDT,764651.627482,real,ARBUSDT,2026-07-08T11:28:22.080418+00:00,-0.6536351488104329
-1.1708157464948574,real,-1.1708157464948574,OK,True,False,NO_TRADE,5e-05,0.0,0.0,ARC/USDT:USDT,57684.26503,real,ARCUSDT,2026-07-08T11:28:22.082901+00:00,-0.5273719991715743
-1.703700004669393,real,-1.703700004669393,OK,True,False,NO_TRADE,-0.0001575,0.0,0.0,ARKM/USDT:USDT,158261.05,real,ARKMUSDT,2026-07-08T11:28:22.085247+00:00,-0.5987541056757529
-1.3669293020258855,real,-1.3669293020258855,OK,True,False,NO_TRADE,-0.00067134,0.0,0.0,ARPA/USDT:USDT,114352.35522,real,ARPAUSDT,2026-07-08T11:28:22.087643+00:00,-0.23723148218269147
-1.4429478159958375,real,-1.4429478159958375,OK,True,False,NO_TRADE,5e-05,0.0,0.0,ARX/USDT:USDT,1837024.2478,real,ARXUSDT,2026-07-08T11:28:22.089985+00:00,0.8036006511784338
-1.1770879349071106,real,-1.1770879349071106,OK,True,False,NO_TRADE,5e-05,0.0,0.0,ASTER/USDT:USDT,596426.8433,real,ASTERUSDT,2026-07-08T11:28:22.092335+00:00,-0.4835706771101376
-1.4283278787803078,real,-1.4283278787803078,OK,True,False,NO_TRADE,-9.355e-05,0.0,0.0,ASTS/USDT:USDT,174767.1679,real,ASTSUSDT,2026-07-08T11:28:22.094686+00:00,-0.5984777110079811
-1.6089141449068602,real,-1.6089141449068602,OK,True,False,NO_TRADE,5e-05,0.0,0.0,ATH/USDT:USDT,105734.30991,real,ATHUSDT,2026-07-08T11:28:22.097263+00:00,-0.4216810018583452
0.2121021580658469,real,0.2121021580658469,OK,True,False,LONG_ONLY,-0.00021369,0.0,0.0,ATOM/USDT:USDT,735469.42937,real,ATOMUSDT,2026-07-08T11:28:22.100072+00:00,2.0275048745413056
1.3148861125083675,real,1.3148861125083675,OK,True,False,BOTH_ALLOWED,5e-05,0.0,0.0,A/USDT:USDT,239976.17434,real,AUSDT,2026-07-08T11:28:22.103245+00:00,-0.4759190069878106
0.21788812293526622,real,0.21788812293526622,OK,True,False,LONG_ONLY,-0.00010052,0.0,0.0,AVAX/USDT:USDT,3384337.966,real,AVAXUSDT,2026-07-08T11:28:22.106516+00:00,-0.6100718962332774
0.4497552151597406,real,0.4497552151597406,OK,True,False,BOTH_ALLOWED,5e-05,0.0,0.0,AVNT/USDT:USDT,147559.81019999998,real,AVNTUSDT,2026-07-08T11:28:22.109538+00:00,-0.8204530412729859
1.6713477686156009,real,1.6713477686156009,OK,True,False,LONG_ONLY,-4.105e-05,0.0,0.0,AXS/USDT:USDT,1258035.916,real,AXSUSDT,2026-07-08T11:28:22.112747+00:00,1.1941865012935424
-0.6302608403506381,real,-0.6302608403506381,OK,True,False,NO_TRADE,-0.00061291,0.0,0.0,BARD/USDT:USDT,103365.60590000001,real,BARDUSDT,2026-07-08T11:28:22.115753+00:00,-0.2962093703823565
1.0296302600398273,real,1.0296302600398273,OK,True,False,BOTH_ALLOWED,5e-05,0.0,0.0,BASED/USDT:USDT,661868.32511,real,BASEDUSDT,2026-07-08T11:28:22.118350+00:00,-0.49318767812433556
-0.9814561980032341,real,-0.9814561980032341,OK,True,False,NO_TRADE,0,0.0,0.0,BAS/USDT:USDT,531193.426064,real,BASUSDT,2026-07-08T11:28:22.120843+00:00,-0.1171640199431305
1.6114043254965003,real,1.6114043254965003,OK,True,False,LONG_ONLY,0.0,0.0,0.0,BBX/USDT:USDT,86037.1782,real,BBXUSDT,2026-07-08T11:28:22.123311+00:00,-0.22451045797282398
-0.04952809450894824,real,-0.04952809450894824,OK,True,False,NO_TRADE,-2.018e-05,0.0,0.0,BCH/USDT:USDT,3906660.2470400003,real,BCHUSDT,2026-07-08T11:28:22.125769+00:00,0.7829318871849663
-1.6302393028210236,real,-1.6302393028210236,OK,True,False,NO_TRADE,5e-05,0.0,0.0,BEAT/USDT:USDT,2979018.4523,real,BEATUSDT,2026-07-08T11:28:22.128191+00:00,0.8748849119246711
0.3584050650323677,real,0.3584050650323677,OK,True,False,BOTH_ALLOWED,3.265e-05,0.0,0.0,BEL/USDT:USDT,454133.30395000003,real,BELUSDT,2026-07-08T11:28:22.130620+00:00,-0.2984165897235047
-0.8353272303918378,real,-0.8353272303918378,OK,True,False,NO_TRADE,5e-05,0.0,0.0,BERA/USDT:USDT,326986.19681,real,BERAUSDT,2026-07-08T11:28:22.133169+00:00,-0.6448497197359943
0.9169167320578122,real,0.9169167320578122,OK,True,False,LONG_ONLY,0.0,0.0,0.0,BE/USDT:USDT,328052.8685,real,BEUSDT,2026-07-08T11:28:22.135636+00:00,-0.6197180837178408
0.3921254557085936,real,0.3921254557085936,OK,True,False,LONG_ONLY,-0.0002167,0.0,0.0,BICO/USDT:USDT,236080.93418999997,real,BICOUSDT,2026-07-08T11:28:22.138019+00:00,-0.6299592299153091
-1.8191563551327883,real,-1.8191563551327883,OK,True,False,NO_TRADE,5e-05,0.0,0.0,BILL/USDT:USDT,351420.70231,real,BILLUSDT,2026-07-08T11:28:22.140406+00:00,0.19976533695935067
-1.5135518530579508,real,-1.5135518530579508,OK,True,False,NO_TRADE,5e-05,0.0,0.0,BIO/USDT:USDT,808762.11243,real,BIOUSDT,2026-07-08T11:28:22.142801+00:00,-0.3894238620687896
0.43527091477373026,real,0.43527091477373026,OK,True,False,BOTH_ALLOWED,5e-05,0.0,0.0,BIRB/USDT:USDT,313908.87486,real,BIRBUSDT,2026-07-08T11:28:22.145187+00:00,1.4395546568021074
-1.3674610761035675,real,-1.3674610761035675,OK,True,False,NO_TRADE,5e-05,0.0,0.0,BLESS/USDT:USDT,90393.819969,real,BLESSUSDT,2026-07-08T11:28:22.147758+00:00,-0.26924465637300277
-0.4337417727599962,real,-0.4337417727599962,OK,True,False,NO_TRADE,5e-05,0.0,0.0,BLUAI/USDT:USDT,150532.860606,real,BLUAIUSDT,2026-07-08T11:28:22.150221+00:00,2.4212423506163288
-0.5515334090489902,real,-0.5515334090489902,OK,True,False,NO_TRADE,0.0,0.0,0.0,BMNR/USDT:USDT,122075.69380000001,real,BMNRUSDT,2026-07-08T11:28:22.152657+00:00,-0.4974013766382494
0.7793210526192464,real,0.7793210526192464,OK,True,False,BOTH_ALLOWED,0.0001,0.0,0.0,BNB/USDT:USDT,4827653.117699999,real,BNBUSDT,2026-07-08T11:28:22.155258+00:00,-0.26206045459990607
-0.4582547176908557,real,-0.4582547176908557,OK,True,False,NO_TRADE,5e-05,0.0,0.0,BOME/USDT:USDT,74909.48826829999,real,BOMEUSDT,2026-07-08T11:28:22.157725+00:00,-0.5865441296543593
-0.17419090389393405,real,-0.17419090389393405,OK,True,False,NO_TRADE,5e-05,0.0,0.0,BREV/USDT:USDT,447264.77256,real,BREVUSDT,2026-07-08T11:28:22.160144+00:00,-0.32179012322418904
-0.8929298732045835,real,-0.8929298732045835,OK,True,False,NO_TRADE,5e-05,0.0,0.0,BSB/USDT:USDT,832766.7818700001,real,BSBUSDT,2026-07-08T11:28:22.162944+00:00,0.9432172663287384
0.14525937925228397,real,0.14525937925228397,OK,True,False,BOTH_ALLOWED,5e-05,0.0,0.0,BSV/USDT:USDT,31313.994,real,BSVUSDT,2026-07-08T11:28:22.165430+00:00,-0.23983100982261152
-0.3856976985175189,real,-0.3856976985175189,OK,True,False,NO_TRADE,3.22e-05,0.0,0.0,BTC/USDT:USDT,258375329.41679996,real,BTCUSDT,2026-07-08T11:28:22.167877+00:00,-0.8801942933455674
-2.023473132582157,real,-2.023473132582157,OK,True,False,NO_TRADE,5e-05,0.0,0.0,BTW/USDT:USDT,774225.09621,real,BTWUSDT,2026-07-08T11:28:22.170330+00:00,2.879303428541269
1.7426031053591056,real,1.7426031053591056,OK,True,False,BOTH_ALLOWED,5e-05,0.0,0.0,B/USDT:USDT,218975.01399999997,real,BUSDT,2026-07-08T11:28:22.172757+00:00,-0.26293922291300603
0.17966254339882157,real,0.17966254339882157,OK,True,False,LONG_ONLY,0.0,0.0,0.0,BZ/USDT:USDT,13922333.5656,real,BZUSDT,2026-07-08T11:28:22.175185+00:00,-0.25541500349228435
1.8600332814875926,real,1.8600332814875926,OK,True,False,BOTH_ALLOWED,2.121e-05,0.0,0.0,CAKE/USDT:USDT,180879.23650000003,real,CAKEUSDT,2026-07-08T11:28:22.178316+00:00,-0.34952154677265607
-1.6043949348319515,real,-1.6043949348319515,OK,True,False,NO_TRADE,5e-05,0.0,0.0,CAP/USDT:USDT,716172.31176,real,CAPUSDT,2026-07-08T11:28:22.181039+00:00,2.9768758503608974
-1.7108957925704862,real,-1.7108957925704862,OK,True,False,NO_TRADE,5e-05,0.0,0.0,CATI/USDT:USDT,238401.26662,real,CATIUSDT,2026-07-08T11:28:22.183512+00:00,0.4901574222365412
-1.6228608383808334,real,-1.6228608383808334,OK,True,False,NO_TRADE,-5.119e-05,0.0,0.0,CC/USDT:USDT,298953.19577,real,CCUSDT,2026-07-08T11:28:22.185921+00:00,-0.02748603718076664
0.9077918115290021,real,0.9077918115290021,OK,True,False,LONG_ONLY,-4.891e-05,0.0,0.0,CELO/USDT:USDT,102893.803151,real,CELOUSDT,2026-07-08T11:28:22.188555+00:00,-0.3392133546248471
-1.4173974548203774,real,-1.4173974548203774,OK,True,False,NO_TRADE,5e-05,0.0,0.0,CHILLGUY/USDT:USDT,32880.280571,real,CHILLGUYUSDT,2026-07-08T11:28:22.191161+00:00,-0.45000497296997377
0.9172496637238545,real,0.9172496637238545,OK,True,False,LONG_ONLY,-6.756e-05,0.0,0.0,CHIP/USDT:USDT,586076.51001,real,CHIPUSDT,2026-07-08T11:28:22.193677+00:00,-0.17752997508551566
-0.1609477584789769,real,-0.1609477584789769,OK,True,False,NO_TRADE,0.0001,0.0,0.0,CHZ/USDT:USDT,480852.47994,real,CHZUSDT,2026-07-08T11:28:22.196136+00:00,-0.3150682312833311
2.655483978711395,real,2.655483978711395,OK,True,False,BOTH_ALLOWED,0.00051244,0.0,0.0,CLO/USDT:USDT,3965937.7499300004,real,CLOUSDT,2026-07-08T11:28:22.198560+00:00,0.33098342646854806
1.6910305553309364,real,1.6910305553309364,OK,True,False,BOTH_ALLOWED,4.102e-05,0.0,0.0,COMP/USDT:USDT,150150.58181,real,COMPUSDT,2026-07-08T11:28:22.200945+00:00,-0.2632314767425978
-2.0130606915199465,real,-2.0130606915199465,OK,True,False,NO_TRADE,5e-05,0.0,0.0,CROSS/USDT:USDT,64665.53978,real,CROSSUSDT,2026-07-08T11:28:22.203333+00:00,-0.14414010092504428
0.11596272928667976,real,0.11596272928667976,OK,True,False,BOTH_ALLOWED,0.0001,0.0,0.0,CRV/USDT:USDT,669488.6084499999,real,CRVUSDT,2026-07-08T11:28:22.205737+00:00,-0.16637970110631053
0.7121004637629745,real,0.7121004637629745,OK,True,False,BOTH_ALLOWED,4.018e-05,0.0,0.0,DASH/USDT:USDT,1170536.2853899999,real,DASHUSDT,2026-07-08T11:28:22.208116+00:00,1.485837556664886
-1.4520330419100729,real,-1.4520330419100729,OK,True,False,NO_TRADE,0.0001,0.0,0.0,DEEP/USDT:USDT,41005.02198,real,DEEPUSDT,2026-07-08T11:28:22.210472+00:00,0.042223282971828965
0.8454229515878212,real,0.8454229515878212,OK,True,False,BOTH_ALLOWED,5e-05,0.0,0.0,DEXE/USDT:USDT,2509182.6140400004,real,DEXEUSDT,2026-07-08T11:28:22.212902+00:00,0.38247505773556045
-0.054911977367657884,real,-0.054911977367657884,OK,True,False,NO_TRADE,-5.82e-05,0.0,0.0,DOGE/USDT:USDT,8053794.389909999,real,DOGEUSDT,2026-07-08T11:28:22.215213+00:00,-0.1328905172741869
0.3314192719772697,real,0.3314192719772697,OK,True,False,LONG_ONLY,-4.459e-05,0.0,0.0,DOT/USDT:USDT,1220639.3731999998,real,DOTUSDT,2026-07-08T11:28:22.217600+00:00,-0.4647941727928441
1.5363565453661567,real,1.5363565453661567,OK,True,False,BOTH_ALLOWED,7.571e-05,0.0,0.0,DYDX/USDT:USDT,402600.57974,real,DYDXUSDT,2026-07-08T11:28:22.220033+00:00,0.5324809931870363
-0.037765345244043506,real,-0.037765345244043506,OK,True,False,NO_TRADE,5e-05,0.0,0.0,DYM/USDT:USDT,57676.808167999996,real,DYMUSDT,2026-07-08T11:28:22.222650+00:00,-0.07287654794079884
0.3958825812714948,real,0.3958825812714948,OK,True,False,BOTH_ALLOWED,5e-05,0.0,0.0,EDEN/USDT:USDT,267897.62701,real,EDENUSDT,2026-07-08T11:28:22.225152+00:00,0.6627251029090452
0.36842942032468473,real,0.36842942032468473,OK,True,False,BOTH_ALLOWED,5e-05,0.0,0.0,EDGE/USDT:USDT,18118183.231,real,EDGEUSDT,2026-07-08T11:28:22.227674+00:00,0.2830746610084209
1.2382279294118252,real,1.2382279294118252,OK,True,False,LONG_ONLY,-2.306e-05,0.0,0.0,EGLD/USDT:USDT,137174.4496,real,EGLDUSDT,2026-07-08T11:28:22.230087+00:00,-0.35102681109533
-2.328007954832543,real,-2.328007954832543,OK,True,False,NO_TRADE,5e-05,0.0,0.0,EIGEN/USDT:USDT,1291723.3525,real,EIGENUSDT,2026-07-08T11:28:22.232495+00:00,0.25310396091750753
0.40256716570326356,real,0.40256716570326356,OK,True,False,BOTH_ALLOWED,2.992e-05,0.0,0.0,ENA/USDT:USDT,1672833.1415600001,real,ENAUSDT,2026-07-08T11:28:22.235016+00:00,-0.12211408495910973
-0.40335371449766283,real,-0.40335371449766283,OK,True,False,NO_TRADE,-0.00017295,0.0,0.0,ENJ/USDT:USDT,223602.94516,real,ENJUSDT,2026-07-08T11:28:22.237440+00:00,-0.3390873880947271
-0.9488363822565516,real,-0.9488363822565516,OK,True,False,NO_TRADE,5e-05,0.0,0.0,ENSO/USDT:USDT,590116.49485,real,ENSOUSDT,2026-07-08T11:28:22.239833+00:00,-0.051282113088776796
-1.8405045637233528,real,-1.8405045637233528,OK,True,False,NO_TRADE,0.0001,0.0,0.0,ENS/USDT:USDT,298654.63300000003,real,ENSUSDT,2026-07-08T11:28:22.242200+00:00,-0.3184182210341315
1.6846410467586102,real,1.6846410467586102,OK,True,False,BOTH_ALLOWED,5e-05,0.0,0.0,EPIC/USDT:USDT,1018052.68649,real,EPICUSDT,2026-07-08T11:28:22.244630+00:00,0.4531611367727043
0.06605559638663122,real,0.06605559638663122,OK,True,False,BOTH_ALLOWED,0.00035899,0.0,0.0,ESPORTS/USDT:USDT,659119.6617800001,real,ESPORTSUSDT,2026-07-08T11:28:22.247001+00:00,2.110537928145427
-1.5718138202431928,real,-1.5718138202431928,OK,True,False,NO_TRADE,3.67e-05,0.0,0.0,ETC/USDT:USDT,725426.2479,real,ETCUSDT,2026-07-08T11:28:22.249381+00:00,-0.1697540232212013
-1.1355953270480759,real,-1.1355953270480759,OK,True,False,NO_TRADE,5e-05,0.0,0.0,ETHFI/USDT:USDT,842851.5688199999,real,ETHFIUSDT,2026-07-08T11:28:22.251727+00:00,-0.29959771565044696
0.30189617692835485,real,0.30189617692835485,OK,True,False,LONG_ONLY,-7.23e-06,0.0,0.0,ETH/USDT:USDT,80414578.39884,real,ETHUSDT,2026-07-08T11:28:22.254078+00:00,-0.3225729651551645
0.9435101141771166,real,0.9435101141771166,OK,True,False,BOTH_ALLOWED,5e-05,0.0,0.0,EVAA/USDT:USDT,53522180.163090006,real,EVAAUSDT,2026-07-08T11:28:22.256535+00:00,1.3047594214914202
0.9726159834426813,real,0.9726159834426813,OK,True,False,BOTH_ALLOWED,5e-05,0.0,0.0,FARTCOIN/USDT:USDT,563656.24661,real,FARTCOINUSDT,2026-07-08T11:28:22.259109+00:00,-0.12119578804639798
-0.7138821513663215,real,-0.7138821513663215,OK,True,False,NO_TRADE,0.0001,0.0,0.0,FET/USDT:USDT,583652.5747,real,FETUSDT,2026-07-08T11:28:22.261539+00:00,-0.33499798287577554
-1.7726874643354968,real,-1.7726874643354968,OK,True,False,NO_TRADE,5e-05,0.0,0.0,FF/USDT:USDT,194624.42292,real,FFUSDT,2026-07-08T11:28:22.264012+00:00,-0.5002852737091759
-0.34329930640310874,real,-0.34329930640310874,OK,True,False,NO_TRADE,-1.344e-05,0.0,0.0,FIL/USDT:USDT,1324738.90752,real,FILUSDT,2026-07-08T11:28:22.266360+00:00,-0.201487669555695
-1.2079899527114684,real,-1.2079899527114684,OK,True,False,NO_TRADE,0.0,0.0,0.0,FLNC/USDT:USDT,50025.3261,real,FLNCUSDT,2026-07-08T11:28:22.268734+00:00,-0.3283010017793512
-0.4726317081805321,real,-0.4726317081805321,OK,True,False,NO_TRADE,5e-05,0.0,0.0,FLUID/USDT:USDT,177539.5577,real,FLUIDUSDT,2026-07-08T11:28:22.271108+00:00,0.7540065841293261
-0.3471353789223265,real,-0.3471353789223265,OK,True,False,NO_TRADE,5e-05,0.0,0.0,FOLKS/USDT:USDT,24981.3177,real,FOLKSUSDT,2026-07-08T11:28:22.273458+00:00,0.05242974840586307
-1.3334318624940527,real,-1.3334318624940527,OK,True,False,NO_TRADE,5e-05,0.0,0.0,FORM/USDT:USDT,15976.40537,real,FORMUSDT,2026-07-08T11:28:22.275809+00:00,0.5259343785579966
-1.1926063276752246,real,-1.1926063276752246,OK,True,False,NO_TRADE,7.48e-05,0.0,0.0,GALA/USDT:USDT,715687.1884560001,real,GALAUSDT,2026-07-08T11:28:22.278163+00:00,0.04437289093996307
-0.7565329037690623,real,-0.7565329037690623,OK,True,False,NO_TRADE,5e-05,0.0,0.0,GIGGLE/USDT:USDT,185943.8334,real,GIGGLEUSDT,2026-07-08T11:28:22.280481+00:00,-0.10859850454065624
-0.6056977775140079,real,-0.6056977775140079,OK,True,False,NO_TRADE,0.0,0.0,0.0,GLW/USDT:USDT,555608.1873,real,GLWUSDT,2026-07-08T11:28:22.282848+00:00,0.28714173987129926
-0.36806349576536734,real,-0.36806349576536734,OK,True,False,NO_TRADE,0.0001,0.0,0.0,GMT/USDT:USDT,53793.122449999995,real,GMTUSDT,2026-07-08T11:28:22.285314+00:00,0.12398871599577192
0.5597153524234235,real,0.5597153524234235,OK,True,False,BOTH_ALLOWED,5e-05,0.0,0.0,GOAT/USDT:USDT,33904.17091,real,GOATUSDT,2026-07-08T11:28:22.288293+00:00,2.3301370973322704
3.6337173022949707,real,3.6337173022949707,OK,True,False,BOTH_ALLOWED,5e-05,0.0,0.0,GPS/USDT:USDT,1383188.191356,real,GPSUSDT,2026-07-08T11:28:22.291248+00:00,3.733987486648808
-0.9274553431825034,real,-0.9274553431825034,OK,True,False,NO_TRADE,5e-05,0.0,0.0,GRAM/USDT:USDT,251820.4569,real,GRAMUSDT,2026-07-08T11:28:22.294142+00:00,1.8619885217152752
0.2502768247980494,real,0.2502768247980494,OK,True,False,LONG_ONLY,-5.019e-05,0.0,0.0,GRASS/USDT:USDT,299982.29362,real,GRASSUSDT,2026-07-08T11:28:22.297048+00:00,0.5559726083989822
-1.1679280167675443,real,-1.1679280167675443,OK,True,False,NO_TRADE,0.0001,0.0,0.0,GRT/USDT:USDT,30015.65526,real,GRTUSDT,2026-07-08T11:28:22.299997+00:00,0.3903040551533061
-2.6845766295473457,real,-2.6845766295473457,OK,True,False,NO_TRADE,0,0.0,0.0,GUA/USDT:USDT,79285.32667000001,real,GUAUSDT,2026-07-08T11:28:22.302709+00:00,2.7012771959923185
-1.3810055651492004,real,-1.3810055651492004,OK,True,False,NO_TRADE,-0.02,0.0,0.0,GWEI/USDT:USDT,564877.243864,real,GWEIUSDT,2026-07-08T11:28:22.305241+00:00,1.3365976536350899
-0.7205763408971685,real,-0.7205763408971685,OK,True,False,NO_TRADE,5e-05,0.0,0.0,HAEDAL/USDT:USDT,9371.90179,real,HAEDALUSDT,2026-07-08T11:28:22.307614+00:00,1.4455420419691947
-0.10730177017684459,real,-0.10730177017684459,OK,True,False,NO_TRADE,-0.00010188,0.0,0.0,HBAR/USDT:USDT,355323.37283,real,HBARUSDT,2026-07-08T11:28:22.309930+00:00,1.0822521034104544
-0.16867444228593834,real,-0.16867444228593834,OK,True,False,NO_TRADE,-0.00011695,0.0,0.0,HEI/USDT:USDT,289242.346913,real,HEIUSDT,2026-07-08T11:28:22.312275+00:00,0.9940710979885875
-1.1064625282622853,real,-1.1064625282622853,OK,True,False,NO_TRADE,5e-05,0.0,0.0,HEMI/USDT:USDT,11762.53654,real,HEMIUSDT,2026-07-08T11:28:22.314718+00:00,-1.0942692096876976
0.22872290355245953,real,0.22872290355245953,OK,True,False,LONG_ONLY,-2.702e-05,0.0,0.0,HMSTR/USDT:USDT,399211.14427250007,real,HMSTRUSDT,2026-07-08T11:28:22.317011+00:00,-1.2923360927239818
1.0636580613526705,real,1.0636580613526705,OK,True,False,BOTH_ALLOWED,1.721e-05,0.0,0.0,HOLO/USDT:USDT,10773.43227,real,HOLOUSDT,2026-07-08T11:28:22.319437+00:00,-0.6363955607356047
1.2892138621238327,real,1.2892138621238327,OK,True,False,LONG_ONLY,-0.00019257,0.0,0.0,HOME/USDT:USDT,122314.46487,real,HOMEUSDT,2026-07-08T11:28:22.321873+00:00,-0.9005214180560109
1.053763734387493,real,1.053763734387493,OK,True,False,BOTH_ALLOWED,7.756e-05,0.0,0.0,H/USDT:USDT,144471.28488,real,HUSDT,2026-07-08T11:28:22.324312+00:00,-0.7022667848991637
0.3231000586708497,real,0.3231000586708497,OK,True,False,BOTH_ALLOWED,5e-05,0.0,0.0,HYPER/USDT:USDT,83532.25826000002,real,HYPERUSDT,2026-07-08T11:28:22.327055+00:00,-0.6109021737122072
0.3698031073565805,real,0.3698031073565805,OK,True,False,LONG_ONLY,-2.16e-05,0.0,0.0,HYPE/USDT:USDT,2350616.27227,real,HYPEUSDT,2026-07-08T11:28:22.330090+00:00,-1.0296301037350886
-0.27584700899715003,real,-0.27584700899715003,OK,True,False,NO_TRADE,0.0001,0.0,0.0,ICP/USDT:USDT,60496.147,real,ICPUSDT,2026-07-08T11:28:22.332955+00:00,-0.83869792719909
-1.1847013288316381,real,-1.1847013288316381,OK,True,False,NO_TRADE,-0.00219859,0.0,0.0,ID/USDT:USDT,51767.539070000006,real,IDUSDT,2026-07-08T11:28:22.335932+00:00,-0.7753217658905899
0.6693195872138313,real,0.6693195872138313,OK,True,False,BOTH_ALLOWED,5e-05,0.0,0.0,IMX/USDT:USDT,4080.332,real,IMXUSDT,2026-07-08T11:28:22.338813+00:00,-0.745455539469768
-1.1898802653566751,real,-1.1898802653566751,OK,True,False,NO_TRADE,-5.566e-05,0.0,0.0,INJ/USDT:USDT,116979.7914,real,INJUSDT,2026-07-08T11:28:22.341677+00:00,-0.9862535883504631
-0.47616598302862256,real,-0.47616598302862256,OK,True,False,NO_TRADE,0.00037692,0.0,0.0,IN/USDT:USDT,20102.04523,real,INUSDT,2026-07-08T11:28:22.344143+00:00,-0.6899235381146098
-0.49382497529685015,real,-0.49382497529685015,OK,True,False,NO_TRADE,-0.0002037,0.0,0.0,IOTA/USDT:USDT,64605.042928999996,real,IOTAUSDT,2026-07-08T11:28:22.346673+00:00,-0.8338156838529227
0.38744445556966345,real,0.38744445556966345,OK,True,False,BOTH_ALLOWED,5e-05,0.0,0.0,IO/USDT:USDT,27784.045319999997,real,IOUSDT,2026-07-08T11:28:22.349076+00:00,-0.9278100107958501
0.7996175599207078,real,0.7996175599207078,OK,True,False,BOTH_ALLOWED,5e-05,0.0,0.0,IRYS/USDT:USDT,5446.07345,real,IRYSUSDT,2026-07-08T11:28:22.351423+00:00,-0.5227287693693983
-0.5195170721022238,real,-0.5195170721022238,OK,True,False,NO_TRADE,0.0001,0.0,0.0,JASMY/USDT:USDT,13733.486458000001,real,JASMYUSDT,2026-07-08T11:28:22.353855+00:00,-0.532997508429647
-1.5268991176526383,real,-1.5268991176526383,OK,True,False,NO_TRADE,5e-05,0.0,0.0,JCT/USDT:USDT,16568.442989,real,JCTUSDT,2026-07-08T11:28:22.356402+00:00,-1.3841207851137065
-0.7209334992092112,real,-0.7209334992092112,OK,True,False,NO_TRADE,5e-05,0.0,0.0,JTO/USDT:USDT,312693.8749,real,JTOUSDT,2026-07-08T11:28:22.358906+00:00,-0.9008078985075498
0.7261427989891559,real,0.7261427989891559,OK,True,False,BOTH_ALLOWED,4.569e-05,0.0,0.0,JUP/USDT:USDT,140597.50840000002,real,JUPUSDT,2026-07-08T11:28:22.361327+00:00,-0.9837229032252015
1.6704447267226985,real,1.6704447267226985,OK,True,False,BOTH_ALLOWED,5e-05,0.0,0.0,KAITO/USDT:USDT,1940455.84888,real,KAITOUSDT,2026-07-08T11:28:22.363764+00:00,-0.8936406749668682
-0.2755677623653507,real,-0.2755677623653507,OK,True,False,NO_TRADE,5e-05,0.0,0.0,KAS/USDT:USDT,13297.136359999999,real,KASUSDT,2026-07-08T11:28:22.366146+00:00,-0.9774391440379505
-0.9208416251252606,real,-0.9208416251252606,OK,True,False,NO_TRADE,5e-05,0.0,0.0,KERNEL/USDT:USDT,2444.71714,real,KERNELUSDT,2026-07-08T11:28:22.368536+00:00,-0.7009146384820676
-1.2062205547587113,real,-1.2062205547587113,OK,True,False,NO_TRADE,5e-05,0.0,0.0,KITE/USDT:USDT,190599.69874999998,real,KITEUSDT,2026-07-08T11:28:22.374275+00:00,-1.1847721490608605
-0.150970990154651,real,-0.150970990154651,OK,True,False,NO_TRADE,0.0,0.0,0.0,KLAC/USDT:USDT,7345.824500000001,real,KLACUSDT,2026-07-08T11:28:22.376799+00:00,-0.4738236088892148
1.0425298721130114,real,1.0425298721130114,OK,True,False,BOTH_ALLOWED,0.0001,0.0,0.0,KSM/USDT:USDT,13706.7883,real,KSMUSDT,2026-07-08T11:28:22.379241+00:00,-0.7191787023399868
-0.38913547334399257,real,-0.38913547334399257,OK,True,False,NO_TRADE,-0.025,0.0,0.0,LAB/USDT:USDT,11635421.026800001,real,LABUSDT,2026-07-08T11:28:22.381731+00:00,-1.069404425869755
0.23368129998796508,real,0.23368129998796508,OK,True,False,LONG_ONLY,-0.00033555,0.0,0.0,LA/USDT:USDT,24857.282044000003,real,LAUSDT,2026-07-08T11:28:22.384390+00:00,-1.0787332755407655
0.8384197495806434,real,0.8384197495806434,OK,True,False,LONG_ONLY,0,0.0,0.0,LAYER/USDT:USDT,18719.129602999998,real,LAYERUSDT,2026-07-08T11:28:22.386983+00:00,-0.7749977572874711
-0.9834877355671914,real,-0.9834877355671914,OK,True,False,NO_TRADE,0.0001,0.0,0.0,LDO/USDT:USDT,914125.2986,real,LDOUSDT,2026-07-08T11:28:22.389407+00:00,-1.2075574755857534
0.909846937870918,real,0.909846937870918,OK,True,False,LONG_ONLY,-3.292e-05,0.0,0.0,LINEA/USDT:USDT,8597.581564999999,real,LINEAUSDT,2026-07-08T11:28:22.391817+00:00,-0.6675735030502558
0.6094819280484151,real,0.6094819280484151,OK,True,False,BOTH_ALLOWED,7.536e-05,0.0,0.0,LINK/USDT:USDT,457303.84113,real,LINKUSDT,2026-07-08T11:28:22.394237+00:00,-0.8557396274876482
-0.9641714255410452,real,-0.9641714255410452,OK,True,False,NO_TRADE,0.0,0.0,0.0,LITE/USDT:USDT,397415.87890000007,real,LITEUSDT,2026-07-08T11:28:22.396652+00:00,-0.7414207164950233
1.1143435673166493,real,1.1143435673166493,OK,True,False,BOTH_ALLOWED,5e-05,0.0,0.0,LIT/USDT:USDT,543726.3496900001,real,LITUSDT,2026-07-08T11:28:22.398993+00:00,-1.1097006782031789
0.12482233777460869,real,0.12482233777460869,OK,True,False,LONG_ONLY,-0.00013169,0.0,0.0,LTC/USDT:USDT,344024.29137000005,real,LTCUSDT,2026-07-08T11:28:22.401381+00:00,-0.8142515265869376
-1.1282970196390807,real,-1.1282970196390807,OK,True,False,NO_TRADE,5e-05,0.0,0.0,LUMIA/USDT:USDT,11055.600868,real,LUMIAUSDT,2026-07-08T11:28:22.403924+00:00,-0.8969806530579945
-0.8185753517840961,real,-0.8185753517840961,OK,True,False,NO_TRADE,5e-05,0.0,0.0,MAGMA/USDT:USDT,113166.48334,real,MAGMAUSDT,2026-07-08T11:28:22.406498+00:00,-0.16344507334323002
0.6440830932932138,real,0.6440830932932138,OK,True,False,BOTH_ALLOWED,2.343e-05,0.0,0.0,MANA/USDT:USDT,289265.45924,real,MANAUSDT,2026-07-08T11:28:22.409039+00:00,-1.3336241454873594
-1.0091985156803283,real,-1.0091985156803283,OK,True,False,NO_TRADE,5e-05,0.0,0.0,MANTA/USDT:USDT,103806.19983400001,real,MANTAUSDT,2026-07-08T11:28:22.411408+00:00,-0.8090421200808292
-1.4812179025557477,real,-1.4812179025557477,OK,True,False,NO_TRADE,5e-05,0.0,0.0,MASK/USDT:USDT,10635.131300000001,real,MASKUSDT,2026-07-08T11:28:22.413809+00:00,-0.5008066285799695
-0.6047452718969496,real,-0.6047452718969496,OK,True,False,NO_TRADE,5e-05,0.0,0.0,MEGA/USDT:USDT,113999.28047,real,MEGAUSDT,2026-07-08T11:28:22.416197+00:00,-1.0450838603953594
1.1244237480376615,real,1.1244237480376615,OK,True,False,BOTH_ALLOWED,0.0001,0.0,0.0,MERL/USDT:USDT,78601.77721,real,MERLUSDT,2026-07-08T11:28:22.418551+00:00,-0.7391124120452939
-1.630947500752196,real,-1.630947500752196,OK,True,False,NO_TRADE,5e-05,0.0,0.0,MET/USDT:USDT,48037.2804,real,METUSDT,2026-07-08T11:28:22.420864+00:00,-0.14359469155587704
-1.1133742537325912,real,-1.1133742537325912,OK,True,False,NO_TRADE,-6.096e-05,0.0,0.0,ME/USDT:USDT,86069.55890399999,real,MEUSDT,2026-07-08T11:28:22.423183+00:00,-0.6643829489383348
1.7281270153076271,real,1.7281270153076271,OK,True,False,BOTH_ALLOWED,5e-05,0.0,0.0,MINA/USDT:USDT,16286.124609999999,real,MINAUSDT,2026-07-08T11:28:22.425538+00:00,-0.6567682330421749
-1.2323377001495572,real,-1.2323377001495572,OK,True,False,NO_TRADE,-0.00029352,0.0,0.0,MIRA/USDT:USDT,68063.42399999998,real,MIRAUSDT,2026-07-08T11:28:22.427837+00:00,-0.8134703505215988
-0.06330799280870539,real,-0.06330799280870539,OK,True,False,NO_TRADE,5e-05,0.0,0.0,MMT/USDT:USDT,210425.0361,real,MMTUSDT,2026-07-08T11:28:22.430289+00:00,-0.8685719764830506
-0.5885763096812543,real,-0.5885763096812543,OK,True,False,NO_TRADE,0.0001,0.0,0.0,MON/USDT:USDT,125994.67043999999,real,MONUSDT,2026-07-08T11:28:22.432707+00:00,-1.0852314307523603
-1.311839835947822,real,-1.311839835947822,OK,True,False,NO_TRADE,5e-05,0.0,0.0,MOODENG/USDT:USDT,28408.81751,real,MOODENGUSDT,2026-07-08T11:28:22.435068+00:00,-0.6523615232627454
0.7612783867190044,real,0.7612783867190044,OK,True,False,BOTH_ALLOWED,5e-05,0.0,0.0,MORPHO/USDT:USDT,185220.92086,real,MORPHOUSDT,2026-07-08T11:28:22.437472+00:00,-0.9137845599949712
1.6115850722484706,real,1.6115850722484706,OK,True,False,BOTH_ALLOWED,5e-05,0.0,0.0,MOVE/USDT:USDT,53991.298870000006,real,MOVEUSDT,2026-07-08T11:28:22.439739+00:00,-0.6050137952067304
-1.4659028517563968,real,-1.4659028517563968,OK,True,False,NO_TRADE,5e-05,0.0,0.0,MOVR/USDT:USDT,72822.49869000001,real,MOVRUSDT,2026-07-08T11:28:22.442022+00:00,-0.9720188007790594
-1.2344068248516245,real,-1.2344068248516245,OK,True,False,SHORT_ONLY,0.00041293,0.0,0.0,M/USDT:USDT,324517.43669999996,real,MUSDT,2026-07-08T11:28:22.444328+00:00,-1.2319875720926996
0.42072903959811603,real,0.42072903959811603,OK,True,False,LONG_ONLY,0.0,0.0,0.0,MVLL/USDT:USDT,72165.88680000001,real,MVLLUSDT,2026-07-08T11:28:22.446697+00:00,-0.7268221267724656
-0.7699206385150249,real,-0.7699206385150249,OK,True,False,NO_TRADE,5e-05,0.0,0.0,MYX/USDT:USDT,102998.3642,real,MYXUSDT,2026-07-08T11:28:22.449109+00:00,-0.6273893344332662
0.2794874620185698,real,0.2794874620185698,OK,True,False,BOTH_ALLOWED,5e-05,0.0,0.0,NAORIS/USDT:USDT,7819.31904,real,NAORISUSDT,2026-07-08T11:28:22.451528+00:00,-0.5932152230503399
-0.7250525663481212,real,-0.7250525663481212,OK,True,False,NO_TRADE,-6.628e-05,0.0,0.0,NEAR/USDT:USDT,1373553.869,real,NEARUSDT,2026-07-08T11:28:22.453874+00:00,-0.7832366172566769
0.8716749769434269,real,0.8716749769434269,OK,True,False,BOTH_ALLOWED,5e-05,0.0,0.0,NIGHT/USDT:USDT,103307.48677,real,NIGHTUSDT,2026-07-08T11:28:22.456206+00:00,-0.9548351096951999
-0.2833869478729106,real,-0.2833869478729106,OK,True,False,NO_TRADE,5e-05,0.0,0.0,NOM/USDT:USDT,46158.981642000006,real,NOMUSDT,2026-07-08T11:28:22.458515+00:00,-0.7039591550837208
0.6289024494163903,real,0.6289024494163903,OK,True,False,BOTH_ALLOWED,5e-05,0.0,0.0,NOT/USDT:USDT,91265.99314100001,real,NOTUSDT,2026-07-08T11:28:22.460804+00:00,-0.8768526561456823
-0.8048390974321367,real,-0.8048390974321367,OK,True,False,NO_TRADE,-0.00047965,0.0,0.0,OGN/USDT:USDT,11839.30992,real,OGNUSDT,2026-07-08T11:28:22.463157+00:00,-0.6815095131490572
-0.7792963724095238,real,-0.7792963724095238,OK,True,False,NO_TRADE,0.0001,0.0,0.0,OG/USDT:USDT,20314.4985,real,OGUSDT,2026-07-08T11:28:22.465692+00:00,-0.3052647373506674
-0.5214437381391035,real,-0.5214437381391035,OK,True,False,NO_TRADE,-9.06e-05,0.0,0.0,ONDO/USDT:USDT,406759.65608,real,ONDOUSDT,2026-07-08T11:28:22.468068+00:00,-0.7319170639276069
-0.7882384688370765,real,-0.7882384688370765,OK,True,False,NO_TRADE,-0.00037531,0.0,0.0,ONG/USDT:USDT,10948.55529,real,ONGUSDT,2026-07-08T11:28:22.470368+00:00,-0.8185432469392352
-0.3361086328221949,real,-0.3361086328221949,OK,True,False,NO_TRADE,5e-05,0.0,0.0,OPEN/USDT:USDT,53365.607899999995,real,OPENUSDT,2026-07-08T11:28:22.472833+00:00,-1.2285046205065802
1.4006099280671007,real,1.4006099280671007,OK,True,False,LONG_ONLY,-0.0069891,0.0,0.0,OPG/USDT:USDT,199296.739,real,OPGUSDT,2026-07-08T11:28:22.475773+00:00,-1.0915954742112506
-0.518848290034234,real,-0.518848290034234,OK,True,False,NO_TRADE,5e-05,0.0,0.0,OPN/USDT:USDT,117981.71704999999,real,OPNUSDT,2026-07-08T11:28:22.478716+00:00,-0.15168250274172554
0.12521944351906414,real,0.12521944351906414,OK,True,False,LONG_ONLY,-6.762e-05,0.0,0.0,OP/USDT:USDT,997705.74289,real,OPUSDT,2026-07-08T11:28:22.481566+00:00,-0.6642600169360753
-0.006262180523945156,real,-0.006262180523945156,OK,True,False,NO_TRADE,5e-05,0.0,0.0,ORCA/USDT:USDT,36057.636,real,ORCAUSDT,2026-07-08T11:28:22.484590+00:00,-1.0460229809825197
1.4590941547988956,real,1.4590941547988956,OK,True,False,BOTH_ALLOWED,5e-05,0.0,0.0,ORDI/USDT:USDT,393533.7347,real,ORDIUSDT,2026-07-08T11:28:22.487541+00:00,-0.8038433603981355
-1.1049797813626765,real,-1.1049797813626765,OK,True,False,NO_TRADE,5e-05,0.0,0.0,O/USDT:USDT,719436.2566000001,real,OUSDT,2026-07-08T11:28:22.490427+00:00,-0.7214980269010605
-0.7236779932723979,real,-0.7236779932723979,OK,True,False,NO_TRADE,5e-05,0.0,0.0,PARTI/USDT:USDT,41663.49593999999,real,PARTIUSDT,2026-07-08T11:28:22.492873+00:00,-0.7946300130689725
1.1538292824987746,real,1.1538292824987746,OK,True,False,BOTH_ALLOWED,3.948e-05,0.0,0.0,PAXG/USDT:USDT,1070751.61838,real,PAXGUSDT,2026-07-08T11:28:22.495278+00:00,-0.7359694817344767
-1.2399922794097986,real,-1.2399922794097986,OK,True,False,NO_TRADE,7.786e-05,0.0,0.0,PENDLE/USDT:USDT,413982.89180000004,real,PENDLEUSDT,2026-07-08T11:28:22.497694+00:00,-1.115691151891258
-0.8672485236186649,real,-0.8672485236186649,OK,True,False,NO_TRADE,-2.778e-05,0.0,0.0,PENGU/USDT:USDT,310551.032156,real,PENGUUSDT,2026-07-08T11:28:22.500084+00:00,-0.8421219774035882
1.4724349856055836,real,1.4724349856055836,OK,True,False,BOTH_ALLOWED,5e-05,0.0,0.0,PHAROS/USDT:USDT,27597.411700000004,real,PHAROSUSDT,2026-07-08T11:28:22.502429+00:00,-0.608476107249909
-0.7929185045933178,real,-0.7929185045933178,OK,True,False,NO_TRADE,5e-05,0.0,0.0,PIEVERSE/USDT:USDT,88912.15289999999,real,PIEVERSEUSDT,2026-07-08T11:28:22.504791+00:00,-0.9572413897311773
-1.0006235246795747,real,-1.0006235246795747,OK,True,False,NO_TRADE,5e-05,0.0,0.0,PIPPIN/USDT:USDT,94841.98284000001,real,PIPPINUSDT,2026-07-08T11:28:22.507126+00:00,-0.9711268787698927
-0.9286573332082547,real,-0.9286573332082547,OK,True,False,NO_TRADE,5e-05,0.0,0.0,PLUME/USDT:USDT,15045.20014,real,PLUMEUSDT,2026-07-08T11:28:22.509508+00:00,-0.7661339928579072
-0.612649350552377,real,-0.612649350552377,OK,True,False,NO_TRADE,7.6e-06,0.0,0.0,PNUT/USDT:USDT,70083.07337,real,PNUTUSDT,2026-07-08T11:28:22.511887+00:00,-0.7361693535647239
-0.9700382387746243,real,-0.9700382387746243,OK,True,False,NO_TRADE,5e-05,0.0,0.0,POL/USDT:USDT,272276.56918,real,POLUSDT,2026-07-08T11:28:22.514220+00:00,-0.8739139445600689
0.6691205038295225,real,0.6691205038295225,OK,True,False,BOTH_ALLOWED,5e-05,0.0,0.0,POPCAT/USDT:USDT,58691.34642,real,POPCATUSDT,2026-07-08T11:28:22.516577+00:00,-0.5605599771188363
0.031120740459307773,real,0.031120740459307773,OK,True,False,BOTH_ALLOWED,5e-05,0.0,0.0,PORTAL/USDT:USDT,207186.047631,real,PORTALUSDT,2026-07-08T11:28:22.518902+00:00,-0.6485693935949851
-1.6804941494047834,real,-1.6804941494047834,OK,True,False,NO_TRADE,5e-05,0.0,0.0,POWER/USDT:USDT,1006534.25306,real,POWERUSDT,2026-07-08T11:28:22.521286+00:00,-0.6522213672203356
-0.8084907541815278,real,-0.8084907541815278,OK,True,False,NO_TRADE,5e-05,0.0,0.0,POWR/USDT:USDT,35913.225,real,POWRUSDT,2026-07-08T11:28:22.523694+00:00,-0.7833212893083058
-1.1251844691362023,real,-1.1251844691362023,OK,True,False,NO_TRADE,5e-05,0.0,0.0,PRL/USDT:USDT,104699.5731,real,PRLUSDT,2026-07-08T11:28:22.526018+00:00,-0.7102332741100535
-0.22838968277379593,real,-0.22838968277379593,OK,True,False,NO_TRADE,5e-05,0.0,0.0,PUMP/USDT:USDT,847660.697577,real,PUMPUSDT,2026-07-08T11:28:22.528203+00:00,-0.9950533762578552
-0.9682871061668312,real,-0.9682871061668312,OK,True,False,NO_TRADE,5e-05,0.0,0.0,PYTH/USDT:USDT,274320.0392,real,PYTHUSDT,2026-07-08T11:28:22.530529+00:00,-1.0329653618025125
0.9331651041303957,real,0.9331651041303957,OK,True,False,LONG_ONLY,0.0,0.0,0.0,QNTX/USDT:USDT,58052.54929999999,real,QNTXUSDT,2026-07-08T11:28:22.532835+00:00,-1.2075459138598998
-2.227175303848134,real,-2.227175303848134,OK,True,False,NO_TRADE,5e-05,0.0,0.0,RAVE/USDT:USDT,769797.3106000001,real,RAVEUSDT,2026-07-08T11:28:22.535203+00:00,-1.0098220704749203
0.02117079787871808,real,0.02117079787871808,OK,True,False,LONG_ONLY,0,0.0,0.0,RAYSOL/USDT:USDT,23240.328520000003,real,RAYSOLUSDT,2026-07-08T11:28:22.537460+00:00,-0.8217740703310518
-0.002897824114239129,real,-0.002897824114239129,OK,True,False,NO_TRADE,5e-05,0.0,0.0,RENDER/USDT:USDT,145221.8129,real,RENDERUSDT,2026-07-08T11:28:22.539909+00:00,-0.7816675606994165
1.339950851358994,real,1.339950851358994,OK,True,False,BOTH_ALLOWED,5e-05,0.0,0.0,RESOLV/USDT:USDT,522485.30572,real,RESOLVUSDT,2026-07-08T11:28:22.542272+00:00,-0.8856554996108539
1.69448537329837,real,1.69448537329837,OK,True,False,BOTH_ALLOWED,0.0059528,0.0,0.0,RIF/USDT:USDT,243644.02917999995,real,RIFUSDT,2026-07-08T11:28:22.544737+00:00,-0.9070936660661214
-0.6370743432067528,real,-0.6370743432067528,OK,True,False,NO_TRADE,5e-05,0.0,0.0,RIVER/USDT:USDT,374015.9903,real,RIVERUSDT,2026-07-08T11:28:22.547596+00:00,-0.7458518899831913
-0.288235513686229,real,-0.288235513686229,OK,True,False,NO_TRADE,7.912e-05,0.0,0.0,ROBO/USDT:USDT,114456.39748,real,ROBOUSDT,2026-07-08T11:28:22.550348+00:00,-0.8061748305333436
-0.38617761806318973,real,-0.38617761806318973,OK,True,False,NO_TRADE,-0.00026068,0.0,0.0,RPL/USDT:USDT,38192.960999999996,real,RPLUSDT,2026-07-08T11:28:22.553162+00:00,-0.7300669981181379
0.3826779177639862,real,0.3826779177639862,OK,True,False,BOTH_ALLOWED,7.564e-05,0.0,0.0,SAGA/USDT:USDT,32966.644717,real,SAGAUSDT,2026-07-08T11:28:22.555715+00:00,-0.8044210878029415
0.7860262485609998,real,0.7860262485609998,OK,True,False,BOTH_ALLOWED,5e-05,0.0,0.0,SAHARA/USDT:USDT,179270.30802,real,SAHARAUSDT,2026-07-08T11:28:22.558444+00:00,-0.5710760744102275
-0.6128906107293874,real,-0.6128906107293874,OK,True,False,NO_TRADE,0.0001,0.0,0.0,SAND/USDT:USDT,129429.21509,real,SANDUSDT,2026-07-08T11:28:22.560977+00:00,-0.690545229250533
-0.0689363962178078,real,-0.0689363962178078,OK,True,False,NO_TRADE,5e-05,0.0,0.0,SCRT/USDT:USDT,211944.73787,real,SCRTUSDT,2026-07-08T11:28:22.563457+00:00,-1.046062398661149
-1.1394414719137254,real,-1.1394414719137254,OK,True,False,NO_TRADE,-0.00023526,0.0,0.0,SEI/USDT:USDT,172403.65683999998,real,SEIUSDT,2026-07-08T11:28:22.565992+00:00,-0.7519685981494794
-0.2968636863789082,real,-0.2968636863789082,OK,True,False,NO_TRADE,0.00109063,0.0,0.0,SIREN/USDT:USDT,177082.79851,real,SIRENUSDT,2026-07-08T11:28:22.568532+00:00,-1.072730223523005
-0.09345099430280712,real,-0.09345099430280712,OK,True,False,NO_TRADE,5e-05,0.0,0.0,SKYAI/USDT:USDT,1306057.47804,real,SKYAIUSDT,2026-07-08T11:28:22.570982+00:00,-0.13535531063324763
0.7063873079603535,real,0.7063873079603535,OK,True,False,LONG_ONLY,-5.402e-05,0.0,0.0,SKY/USDT:USDT,193404.0776,real,SKYUSDT,2026-07-08T11:28:22.573392+00:00,-1.099467978968529
-1.261219142283754,real,-1.261219142283754,OK,True,False,NO_TRADE,0.0001,0.0,0.0,SLP/USDT:USDT,79912.19115269999,real,SLPUSDT,2026-07-08T11:28:22.575797+00:00,-0.6172709338060287
-1.4795976898758634,real,-1.4795976898758634,OK,True,False,NO_TRADE,-0.00046422,0.0,0.0,SLX/USDT:USDT,1432378.84576,real,SLXUSDT,2026-07-08T11:28:22.578217+00:00,-0.6919142780591673
1.4999613802774099,real,1.4999613802774099,OK,True,False,BOTH_ALLOWED,0.0001,0.0,0.0,SNX/USDT:USDT,33506.5767,real,SNXUSDT,2026-07-08T11:28:22.580614+00:00,-0.661463378144543
0.4137805461459828,real,0.4137805461459828,OK,True,False,BOTH_ALLOWED,4.5e-06,0.0,0.0,SOL/USDT:USDT,35865487.319900006,real,SOLUSDT,2026-07-08T11:28:22.583011+00:00,-0.6911202017807528
-1.0461688970866583,real,-1.0461688970866583,OK,True,False,NO_TRADE,5e-05,0.0,0.0,SPX/USDT:USDT,228029.2857,real,SPXUSDT,2026-07-08T11:28:22.585411+00:00,-1.0908882314124078
-0.7267478408306902,real,-0.7267478408306902,OK,True,False,NO_TRADE,0,0.0,0.0,STAR/USDT:USDT,25852.98695,real,STARUSDT,2026-07-08T11:28:22.588357+00:00,-0.6733784673005015
-0.5895267839085306,real,-0.5895267839085306,OK,True,False,NO_TRADE,0.0001,0.0,0.0,STG/USDT:USDT,149185.8244,real,STGUSDT,2026-07-08T11:28:22.591008+00:00,-0.8055037395642805
-2.542476630362138,real,-2.542476630362138,OK,True,False,NO_TRADE,1.845e-05,0.0,0.0,STRK/USDT:USDT,680449.730761,real,STRKUSDT,2026-07-08T11:28:22.593734+00:00,-0.6032905967702108
-0.4595797006980957,real,-0.4595797006980957,OK,True,False,NO_TRADE,5e-05,0.0,0.0,S/USDT:USDT,198526.65078000003,real,SUSDT,2026-07-08T11:28:22.596323+00:00,-1.000397585321227
-2.422763670730694,real,-2.422763670730694,OK,True,False,NO_TRADE,-0.00028062,0.0,0.0,SYN/USDT:USDT,2088624.65782,real,SYNUSDT,2026-07-08T11:28:22.598899+00:00,-0.7307817876687239
-0.8879169775563045,real,-0.8879169775563045,OK,True,False,NO_TRADE,5e-05,0.0,0.0,TAC/USDT:USDT,2874222.5944529995,real,TACUSDT,2026-07-08T11:28:22.601323+00:00,-0.5085823817161212
-1.1865513502569445,real,-1.1865513502569445,OK,True,False,NO_TRADE,0.0001,0.0,0.0,TAIKO/USDT:USDT,172564.22950000002,real,TAIKOUSDT,2026-07-08T11:28:22.603801+00:00,-0.39900402158847936
-0.602309280539689,real,-0.602309280539689,OK,True,False,NO_TRADE,5e-05,0.0,0.0,TAO/USDT:USDT,1343377.34747,real,TAOUSDT,2026-07-08T11:28:22.606168+00:00,-0.9050017635944149
-0.7033475124033165,real,-0.7033475124033165,OK,True,False,NO_TRADE,5e-05,0.0,0.0,THE/USDT:USDT,46107.845084,real,THEUSDT,2026-07-08T11:28:22.608556+00:00,-0.7305847493227808
0.9113038566797862,real,0.9113038566797862,OK,True,False,BOTH_ALLOWED,5e-05,0.0,0.0,TIA/USDT:USDT,909401.5412,real,TIAUSDT,2026-07-08T11:28:22.610935+00:00,-0.7537018154891908
-0.8170564871258491,real,-0.8170564871258491,OK,True,False,NO_TRADE,-6.624e-05,0.0,0.0,TNSR/USDT:USDT,100861.542678,real,TNSRUSDT,2026-07-08T11:28:22.613283+00:00,-0.7229865095594116
-0.14018643879916967,real,-0.14018643879916967,OK,True,False,NO_TRADE,5e-05,0.0,0.0,TRB/USDT:USDT,161966.93459999998,real,TRBUSDT,2026-07-08T11:28:22.615642+00:00,-0.6481216602291373
-0.4420385387475417,real,-0.4420385387475417,OK,True,False,NO_TRADE,-5.463e-05,0.0,0.0,TRUMP/USDT:USDT,4211999.487989999,real,TRUMPUSDT,2026-07-08T11:28:22.618045+00:00,-0.8605312369024781
-1.404373699375753,real,-1.404373699375753,OK,True,False,NO_TRADE,-9.079e-05,0.0,0.0,TRX/USDT:USDT,1230462.0311,real,TRXUSDT,2026-07-08T11:28:22.620395+00:00,-0.8583236753857679
-0.1224914638364699,real,-0.1224914638364699,OK,True,False,NO_TRADE,5e-05,0.0,0.0,UAI/USDT:USDT,880934.0120999999,real,UAIUSDT,2026-07-08T11:28:22.622797+00:00,1.9961642479025523
-0.05021296630141058,real,-0.05021296630141058,OK,True,False,NO_TRADE,5e-05,0.0,0.0,UB/USDT:USDT,819735.80629,real,UBUSDT,2026-07-08T11:28:22.625157+00:00,-1.1259190432443862
-0.589741641844309,real,-0.589741641844309,OK,True,False,NO_TRADE,0.0001,0.0,0.0,UNI/USDT:USDT,3312738.14,real,UNIUSDT,2026-07-08T11:28:22.627532+00:00,-0.7895805061198936
-1.508747985193172,real,-1.508747985193172,OK,True,False,NO_TRADE,5e-05,0.0,0.0,USELESS/USDT:USDT,268438.76180000004,real,USELESSUSDT,2026-07-08T11:28:22.629856+00:00,-0.12540329632917716
1.9946225645297408,real,1.9946225645297408,OK,True,False,BOTH_ALLOWED,5e-05,0.0,0.0,US/USDT:USDT,538984.1537319999,real,USUSDT,2026-07-08T11:28:22.632184+00:00,-0.29259586066889354
-1.075666454263353,real,-1.075666454263353,OK,True,False,NO_TRADE,-0.00115427,0.0,0.0,VANRY/USDT:USDT,2321889.6291,real,VANRYUSDT,2026-07-08T11:28:22.634595+00:00,-1.341024053952768
-1.4104906094446097,real,-1.4104906094446097,OK,True,False,NO_TRADE,5e-05,0.0,0.0,VELVET/USDT:USDT,913148.8970799999,real,VELVETUSDT,2026-07-08T11:28:22.636965+00:00,-0.7218012083939024
-1.0147005106016485,real,-1.0147005106016485,OK,True,False,NO_TRADE,5e-05,0.0,0.0,VIRTUAL/USDT:USDT,392719.93231,real,VIRTUALUSDT,2026-07-08T11:28:22.639306+00:00,-0.8856709466967364
0.22814308478344955,real,0.22814308478344955,OK,True,False,LONG_ONLY,-0.00012884,0.0,0.0,VVV/USDT:USDT,383394.57680000004,real,VVVUSDT,2026-07-08T11:28:22.641724+00:00,-1.187303866603911
-0.6706624909591321,real,-0.6706624909591321,OK,True,False,NO_TRADE,5e-05,0.0,0.0,WIF/USDT:USDT,615245.61166,real,WIFUSDT,2026-07-08T11:28:22.644043+00:00,-0.8970185543524707
0.3502056685913994,real,0.3502056685913994,OK,True,False,LONG_ONLY,-0.00016446,0.0,0.0,WLD/USDT:USDT,3246289.9886999996,real,WLDUSDT,2026-07-08T11:28:22.646374+00:00,-0.5951395052800209
-1.2021102863339488,real,-1.2021102863339488,OK,True,False,NO_TRADE,5e-05,0.0,0.0,WLFI/USDT:USDT,328991.27261,real,WLFIUSDT,2026-07-08T11:28:22.648864+00:00,-0.8563046376533334
0.10027663401730354,real,0.10027663401730354,OK,True,False,BOTH_ALLOWED,1.82e-06,0.0,0.0,XAUT/USDT:USDT,817400.32507,real,XAUTUSDT,2026-07-08T11:28:22.651411+00:00,-0.820379759486213
0.02950365463619316,real,0.02950365463619316,OK,True,False,LONG_ONLY,-0.00010811,0.0,0.0,XLM/USDT:USDT,989725.5630899998,real,XLMUSDT,2026-07-08T11:28:22.653837+00:00,-0.7200044023707041
-1.0864188393819854,real,-1.0864188393819854,OK,True,False,SHORT_ONLY,0.00031922,0.0,0.0,XMR/USDT:USDT,610929.2756,real,XMRUSDT,2026-07-08T11:28:22.656200+00:00,-0.9182098754093218
0.6920704131477234,real,0.6920704131477234,OK,True,False,BOTH_ALLOWED,5e-05,0.0,0.0,XPL/USDT:USDT,1227408.91563,real,XPLUSDT,2026-07-08T11:28:22.658589+00:00,-1.141490868861274
1.297095726563223,real,1.297095726563223,OK,True,False,LONG_ONLY,0,0.0,0.0,XPT/USDT:USDT,396249.19507,real,XPTUSDT,2026-07-08T11:28:22.660898+00:00,-0.6188619009029375
-1.022389432445885,real,-1.022389432445885,OK,True,False,NO_TRADE,5e-05,0.0,0.0,ZBT/USDT:USDT,172985.53326,real,ZBTUSDT,2026-07-08T11:28:22.663245+00:00,-1.0066095248748035
0.370494768296948,real,0.370494768296948,OK,True,False,BOTH_ALLOWED,5.706e-05,0.0,0.0,ZEC/USDT:USDT,18999995.600720003,real,ZECUSDT,2026-07-08T11:28:22.665624+00:00,-1.0765562120252254
-0.2818285276237491,real,-0.2818285276237491,OK,True,False,NO_TRADE,-6.462e-05,0.0,0.0,ZEN/USDT:USDT,155347.4418,real,ZENUSDT,2026-07-08T11:28:22.668020+00:00,-0.8464008647685605
0.77957524403368,real,0.77957524403368,OK,True,False,BOTH_ALLOWED,5e-05,0.0,0.0,ZKC/USDT:USDT,16113.65173,real,ZKCUSDT,2026-07-08T11:28:22.670442+00:00,-0.9056117071978244
-1.0642734483752445,real,-1.0642734483752445,OK,True,False,NO_TRADE,5e-05,0.0,0.0,ZKP/USDT:USDT,100716.67249000001,real,ZKPUSDT,2026-07-08T11:28:22.673134+00:00,-1.0654153783694769
1.2026992624533286,real,1.2026992624533286,OK,True,False,LONG_ONLY,-0.00026706,0.0,0.0,ZK/USDT:USDT,391149.54847000004,real,ZKUSDT,2026-07-08T11:28:22.675646+00:00,-0.3618886453612871
-0.49270918569832717,real,-0.49270918569832717,OK,True,False,NO_TRADE,5e-05,0.0,0.0,ZRO/USDT:USDT,356895.43727,real,ZROUSDT,2026-07-08T11:28:22.678253+00:00,-1.0089412993885114
